NPs,coresize,hydrosize,surfcharge,surfarea,Ec,Expotime,dosage,e,NOxygen,class
Al2O3,39.7,267.0,36.3,64.7,-1.51,24,0.001,1.61,3,0
Al2O3,39.7,267.0,36.3,64.7,-1.51,24,0.01,1.61,3,0
Al2O3,39.7,267.0,36.3,64.7,-1.51,24,0.1,1.61,3,0
Al2O3,39.7,267.0,36.3,64.7,-1.51,24,1.0,1.61,3,0
Al2O3,39.7,267.0,36.3,64.7,-1.51,24,5.0,1.61,3,0
Al2O3,39.7,267.0,36.3,64.7,-1.51,24,10.0,1.61,3,0
Al2O3,39.7,267.0,36.3,64.7,-1.51,24,20.0,1.61,3,0
Al2O3,39.7,267.0,36.3,64.7,-1.51,24,50.0,1.61,3,0
Al2O3,39.7,267.0,36.3,64.7,-1.51,24,100.0,1.61,3,0
Al2O3,39.7,267.0,36.3,64.7,-1.51,12,0.001,1.61,3,0
Al2O3,39.7,267.0,36.3,64.7,-1.51,12,0.01,1.61,3,0
Al2O3,39.7,267.0,36.3,64.7,-1.51,12,0.1,1.61,3,0
Al2O3,39.7,267.0,36.3,64.7,-1.51,12,1.0,1.61,3,0
Al2O3,39.7,267.0,36.3,64.7,-1.51,12,5.0,1.61,3,0
Al2O3,39.7,267.0,36.3,64.7,-1.51,12,10.0,1.61,3,0
Al2O3,39.7,267.0,36.3,64.7,-1.51,12,20.0,1.61,3,0
Al2O3,39.7,267.0,36.3,64.7,-1.51,12,50.0,1.61,3,0
Al2O3,39.7,267.0,36.3,64.7,-1.51,12,100.0,1.61,3,0
CuO,46.3,239.0,42.8,24.1,-5.17,24,0.001,1.9,1,0
CuO,46.3,239.0,42.8,24.1,-5.17,24,0.01,1.9,1,0
CuO,46.3,239.0,42.8,24.1,-5.17,24,0.1,1.9,1,0
CuO,46.3,239.0,42.8,24.1,-5.17,24,1.0,1.9,1,0
CuO,46.3,239.0,42.8,24.1,-5.17,24,5.0,1.9,1,0
CuO,46.3,239.0,42.8,24.1,-5.17,24,10.0,1.9,1,1
CuO,46.3,239.0,42.8,24.1,-5.17,24,20.0,1.9,1,1
CuO,46.3,239.0,42.8,24.1,-5.17,24,50.0,1.9,1,1
CuO,46.3,239.0,42.8,24.1,-5.17,24,100.0,1.9,1,1
CuO,46.3,239.0,42.8,24.1,-5.17,12,0.001,1.9,1,0
CuO,46.3,239.0,42.8,24.1,-5.17,12,0.01,1.9,1,0
CuO,46.3,239.0,42.8,24.1,-5.17,12,0.1,1.9,1,0
CuO,46.3,239.0,42.8,24.1,-5.17,12,1.0,1.9,1,0
CuO,46.3,239.0,42.8,24.1,-5.17,12,5.0,1.9,1,0
CuO,46.3,239.0,42.8,24.1,-5.17,12,10.0,1.9,1,0
CuO,46.3,239.0,42.8,24.1,-5.17,12,20.0,1.9,1,1
CuO,46.3,239.0,42.8,24.1,-5.17,12,50.0,1.9,1,1
CuO,46.3,239.0,42.8,24.1,-5.17,12,100.0,1.9,1,1
Fe2O3,42.5,957.0,-8.2,82.8,-4.99,24,0.001,1.83,3,0
Fe2O3,42.5,957.0,-8.2,82.8,-4.99,24,0.01,1.83,3,0
Fe2O3,42.5,957.0,-8.2,82.8,-4.99,24,0.1,1.83,3,0
Fe2O3,42.5,957.0,-8.2,82.8,-4.99,24,1.0,1.83,3,0
Fe2O3,42.5,957.0,-8.2,82.8,-4.99,24,5.0,1.83,3,0
Fe2O3,42.5,957.0,-8.2,82.8,-4.99,24,10.0,1.83,3,0
Fe2O3,42.5,957.0,-8.2,82.8,-4.99,24,20.0,1.83,3,0
Fe2O3,42.5,957.0,-8.2,82.8,-4.99,24,50.0,1.83,3,0
Fe2O3,42.5,957.0,-8.2,82.8,-4.99,24,100.0,1.83,3,0
Fe2O3,42.5,957.0,-8.2,82.8,-4.99,12,0.001,1.83,3,0
Fe2O3,42.5,957.0,-8.2,82.8,-4.99,12,0.01,1.83,3,0
Fe2O3,42.5,957.0,-8.2,82.8,-4.99,12,0.1,1.83,3,0
Fe2O3,42.5,957.0,-8.2,82.8,-4.99,12,1.0,1.83,3,0
Fe2O3,42.5,957.0,-8.2,82.8,-4.99,12,5.0,1.83,3,0
Fe2O3,42.5,957.0,-8.2,82.8,-4.99,12,10.0,1.83,3,0
Fe2O3,42.5,957.0,-8.2,82.8,-4.99,12,20.0,1.83,3,0
Fe2O3,42.5,957.0,-8.2,82.8,-4.99,12,50.0,1.83,3,0
Fe2O3,42.5,957.0,-8.2,82.8,-4.99,12,100.0,1.83,3,0
TiO2,25.0,504.5,-10.7,210.0,-4.16,24,1e-05,1.54,2,0
TiO2,25.0,504.5,-10.7,210.0,-4.16,24,20.0,1.54,2,0
TiO2,25.0,504.5,-10.7,210.0,-4.16,24,40.0,1.54,2,0
TiO2,25.0,504.5,-10.7,210.0,-4.16,24,60.0,1.54,2,0
TiO2,25.0,504.5,-10.7,210.0,-4.16,24,80.0,1.54,2,0
TiO2,25.0,504.5,-10.7,210.0,-4.16,24,100.0,1.54,2,0
TiO2,25.0,504.5,-10.7,210.0,-4.16,24,120.0,1.54,2,0
TiO2,25.0,504.5,-10.7,210.0,-4.16,24,150.0,1.54,2,0
TiO2,25.0,504.5,-10.7,210.0,-4.16,6,1e-05,1.54,2,0
TiO2,25.0,504.5,-10.7,210.0,-4.16,6,20.0,1.54,2,0
TiO2,25.0,504.5,-10.7,210.0,-4.16,6,40.0,1.54,2,0
TiO2,25.0,504.5,-10.7,210.0,-4.16,6,60.0,1.54,2,0
TiO2,25.0,504.5,-10.7,210.0,-4.16,6,80.0,1.54,2,0
TiO2,25.0,504.5,-10.7,210.0,-4.16,6,100.0,1.54,2,0
TiO2,25.0,504.5,-10.7,210.0,-4.16,6,120.0,1.54,2,0
TiO2,25.0,504.5,-10.7,210.0,-4.16,6,150.0,1.54,2,0
TiO2,25.0,504.5,-10.7,210.0,-4.16,3,1e-05,1.54,2,0
TiO2,25.0,504.5,-10.7,210.0,-4.16,3,20.0,1.54,2,0
TiO2,25.0,504.5,-10.7,210.0,-4.16,3,40.0,1.54,2,0
TiO2,25.0,504.5,-10.7,210.0,-4.16,3,60.0,1.54,2,0
TiO2,25.0,504.5,-10.7,210.0,-4.16,3,80.0,1.54,2,0
TiO2,25.0,504.5,-10.7,210.0,-4.16,3,100.0,1.54,2,0
TiO2,25.0,504.5,-10.7,210.0,-4.16,3,120.0,1.54,2,0
TiO2,25.0,504.5,-10.7,210.0,-4.16,3,150.0,1.54,2,0
TiO2,25.0,504.5,-10.7,210.0,-4.16,24,1e-05,1.54,2,0
TiO2,25.0,504.5,-10.7,210.0,-4.16,24,20.0,1.54,2,0
TiO2,25.0,504.5,-10.7,210.0,-4.16,24,40.0,1.54,2,0
TiO2,25.0,504.5,-10.7,210.0,-4.16,24,60.0,1.54,2,0
TiO2,25.0,504.5,-10.7,210.0,-4.16,24,80.0,1.54,2,0
TiO2,25.0,504.5,-10.7,210.0,-4.16,24,100.0,1.54,2,0
TiO2,25.0,504.5,-10.7,210.0,-4.16,24,120.0,1.54,2,0
TiO2,25.0,504.5,-10.7,210.0,-4.16,24,150.0,1.54,2,0
TiO2,25.0,504.5,-10.7,210.0,-4.16,6,1e-05,1.54,2,0
TiO2,25.0,504.5,-10.7,210.0,-4.16,6,20.0,1.54,2,0
TiO2,25.0,504.5,-10.7,210.0,-4.16,6,40.0,1.54,2,0
TiO2,25.0,504.5,-10.7,210.0,-4.16,6,60.0,1.54,2,0
TiO2,25.0,504.5,-10.7,210.0,-4.16,6,80.0,1.54,2,0
TiO2,25.0,504.5,-10.7,210.0,-4.16,6,100.0,1.54,2,0
TiO2,25.0,504.5,-10.7,210.0,-4.16,6,120.0,1.54,2,0
TiO2,25.0,504.5,-10.7,210.0,-4.16,6,150.0,1.54,2,0
TiO2,25.0,504.5,-10.7,210.0,-4.16,3,1e-05,1.54,2,0
TiO2,25.0,504.5,-10.7,210.0,-4.16,3,20.0,1.54,2,0
TiO2,25.0,504.5,-10.7,210.0,-4.16,3,40.0,1.54,2,0
TiO2,25.0,504.5,-10.7,210.0,-4.16,3,60.0,1.54,2,0
TiO2,25.0,504.5,-10.7,210.0,-4.16,3,80.0,1.54,2,0
TiO2,25.0,504.5,-10.7,210.0,-4.16,3,100.0,1.54,2,0
TiO2,25.0,504.5,-10.7,210.0,-4.16,3,120.0,1.54,2,0
TiO2,25.0,504.5,-10.7,210.0,-4.16,3,150.0,1.54,2,0
TiO2,25.0,228.3,-10.7,40.0,-4.16,24,1e-05,1.54,2,0
TiO2,25.0,228.3,-10.7,40.0,-4.16,24,20.0,1.54,2,0
TiO2,25.0,228.3,-10.7,40.0,-4.16,24,40.0,1.54,2,0
TiO2,25.0,228.3,-10.7,40.0,-4.16,24,60.0,1.54,2,0
TiO2,25.0,228.3,-10.7,40.0,-4.16,24,80.0,1.54,2,0
TiO2,25.0,228.3,-10.7,40.0,-4.16,24,100.0,1.54,2,0
TiO2,25.0,228.3,-10.7,40.0,-4.16,24,120.0,1.54,2,0
TiO2,25.0,228.3,-10.7,40.0,-4.16,24,150.0,1.54,2,0
TiO2,25.0,228.3,-10.7,40.0,-4.16,6,1e-05,1.54,2,0
TiO2,25.0,228.3,-10.7,40.0,-4.16,6,20.0,1.54,2,0
TiO2,25.0,228.3,-10.7,40.0,-4.16,6,40.0,1.54,2,0
TiO2,25.0,228.3,-10.7,40.0,-4.16,6,60.0,1.54,2,0
TiO2,25.0,228.3,-10.7,40.0,-4.16,6,80.0,1.54,2,0
TiO2,25.0,228.3,-10.7,40.0,-4.16,6,100.0,1.54,2,0
TiO2,25.0,228.3,-10.7,40.0,-4.16,6,120.0,1.54,2,0
TiO2,25.0,228.3,-10.7,40.0,-4.16,6,150.0,1.54,2,0
TiO2,25.0,228.3,-10.7,40.0,-4.16,3,1e-05,1.54,2,0
TiO2,25.0,228.3,-10.7,40.0,-4.16,3,20.0,1.54,2,0
TiO2,25.0,228.3,-10.7,40.0,-4.16,3,40.0,1.54,2,0
TiO2,25.0,228.3,-10.7,40.0,-4.16,3,60.0,1.54,2,0
TiO2,25.0,228.3,-10.7,40.0,-4.16,3,80.0,1.54,2,0
TiO2,25.0,228.3,-10.7,40.0,-4.16,3,100.0,1.54,2,0
TiO2,25.0,228.3,-10.7,40.0,-4.16,3,120.0,1.54,2,0
TiO2,25.0,228.3,-10.7,40.0,-4.16,3,150.0,1.54,2,0
TiO2,25.0,228.3,-10.7,40.0,-4.16,24,1e-05,1.54,2,0
TiO2,25.0,228.3,-10.7,40.0,-4.16,24,20.0,1.54,2,0
TiO2,25.0,228.3,-10.7,40.0,-4.16,24,40.0,1.54,2,0
TiO2,25.0,228.3,-10.7,40.0,-4.16,24,60.0,1.54,2,0
TiO2,25.0,228.3,-10.7,40.0,-4.16,24,80.0,1.54,2,0
TiO2,25.0,228.3,-10.7,40.0,-4.16,24,100.0,1.54,2,0
TiO2,25.0,228.3,-10.7,40.0,-4.16,24,120.0,1.54,2,0
TiO2,25.0,228.3,-10.7,40.0,-4.16,24,150.0,1.54,2,0
TiO2,25.0,228.3,-10.7,40.0,-4.16,6,1e-05,1.54,2,0
TiO2,25.0,228.3,-10.7,40.0,-4.16,6,20.0,1.54,2,0
TiO2,25.0,228.3,-10.7,40.0,-4.16,6,40.0,1.54,2,0
TiO2,25.0,228.3,-10.7,40.0,-4.16,6,60.0,1.54,2,0
TiO2,25.0,228.3,-10.7,40.0,-4.16,6,80.0,1.54,2,0
TiO2,25.0,228.3,-10.7,40.0,-4.16,6,100.0,1.54,2,0
TiO2,25.0,228.3,-10.7,40.0,-4.16,6,120.0,1.54,2,0
TiO2,25.0,228.3,-10.7,40.0,-4.16,6,150.0,1.54,2,0
TiO2,25.0,228.3,-10.7,40.0,-4.16,3,1e-05,1.54,2,0
TiO2,25.0,228.3,-10.7,40.0,-4.16,3,20.0,1.54,2,0
TiO2,25.0,228.3,-10.7,40.0,-4.16,3,40.0,1.54,2,0
TiO2,25.0,228.3,-10.7,40.0,-4.16,3,60.0,1.54,2,0
TiO2,25.0,228.3,-10.7,40.0,-4.16,3,80.0,1.54,2,0
TiO2,25.0,228.3,-10.7,40.0,-4.16,3,100.0,1.54,2,0
TiO2,25.0,228.3,-10.7,40.0,-4.16,3,120.0,1.54,2,0
TiO2,25.0,228.3,-10.7,40.0,-4.16,3,150.0,1.54,2,0
TiO2,21.0,74.0,-9.42,57.0,-4.16,24,1e-05,1.54,2,0
TiO2,21.0,74.0,-9.42,57.0,-4.16,24,150.0,1.54,2,0
TiO2,21.0,74.0,-9.42,57.0,-4.16,24,1e-05,1.54,2,0
TiO2,21.0,74.0,-9.42,57.0,-4.16,24,150.0,1.54,2,0
TiO2,21.0,74.0,-9.42,57.0,-4.16,24,1e-05,1.54,2,0
TiO2,21.0,74.0,-9.42,57.0,-4.16,24,150.0,1.54,2,0
TiO2,21.0,74.0,-9.42,57.0,-4.16,24,1e-05,1.54,2,0
TiO2,21.0,74.0,-9.42,57.0,-4.16,24,150.0,1.54,2,0
TiO2,21.0,74.0,-9.42,57.0,-4.16,24,1e-05,1.54,2,0
TiO2,21.0,74.0,-9.42,57.0,-4.16,24,150.0,1.54,2,0
TiO2,21.0,74.0,-9.42,57.0,-4.16,24,1e-05,1.54,2,0
TiO2,21.0,74.0,-9.42,57.0,-4.16,24,150.0,1.54,2,0
TiO2,21.0,133.0,-9.42,57.0,-4.16,24,1e-05,1.54,2,0
TiO2,21.0,133.0,-9.42,57.0,-4.16,24,150.0,1.54,2,0
TiO2,21.0,133.0,-9.42,57.0,-4.16,24,1e-05,1.54,2,0
TiO2,21.0,133.0,-9.42,57.0,-4.16,24,150.0,1.54,2,0
TiO2,21.0,327.0,-9.42,57.0,-4.16,24,1e-05,1.54,2,0
TiO2,21.0,327.0,-9.42,57.0,-4.16,24,1e-05,1.54,2,0
TiO2,40.0,322.3,-25.27,50.0,-4.16,24,1e-05,1.54,2,0
TiO2,40.0,322.3,-25.27,50.0,-4.16,24,1.0,1.54,2,0
TiO2,40.0,322.3,-25.27,50.0,-4.16,24,5.0,1.54,2,0
TiO2,40.0,322.3,-25.27,50.0,-4.16,24,10.0,1.54,2,0
TiO2,40.0,322.3,-25.27,50.0,-4.16,12,1e-05,1.54,2,0
TiO2,40.0,322.3,-25.27,50.0,-4.16,12,1.0,1.54,2,0
TiO2,40.0,322.3,-25.27,50.0,-4.16,12,5.0,1.54,2,0
TiO2,40.0,322.3,-25.27,50.0,-4.16,12,10.0,1.54,2,0
TiO2,40.0,322.3,-25.27,50.0,-4.16,6,1e-05,1.54,2,0
TiO2,40.0,322.3,-25.27,50.0,-4.16,6,1.0,1.54,2,0
TiO2,40.0,322.3,-25.27,50.0,-4.16,6,5.0,1.54,2,0
TiO2,40.0,322.3,-25.27,50.0,-4.16,6,10.0,1.54,2,0
TiO2,20.0,707.0,-12.1,50.4,-4.16,24,1e-05,1.54,2,0
TiO2,20.0,707.0,-12.1,50.4,-4.16,24,10.0,1.54,2,0
TiO2,20.0,707.0,-12.1,50.4,-4.16,24,30.0,1.54,2,0
TiO2,20.0,707.0,-12.1,50.4,-4.16,24,100.0,1.54,2,0
TiO2,20.0,707.0,-12.1,50.4,-4.16,24,300.0,1.54,2,0
TiO2,10.0,1457.0,-11.0,166.0,-4.16,24,1e-05,1.54,2,0
TiO2,10.0,1457.0,-11.0,166.0,-4.16,24,10.0,1.54,2,0
TiO2,10.0,1457.0,-11.0,166.0,-4.16,24,30.0,1.54,2,0
TiO2,10.0,1457.0,-11.0,166.0,-4.16,24,100.0,1.54,2,0
TiO2,10.0,1457.0,-11.0,166.0,-4.16,24,300.0,1.54,2,0
TiO2,35.0,1814.0,-35.5,66.0,-4.16,72,1e-05,1.54,2,0
TiO2,35.0,1814.0,-35.5,66.0,-4.16,72,6.25,1.54,2,0
TiO2,35.0,1814.0,-35.5,66.0,-4.16,72,12.5,1.54,2,0
TiO2,35.0,1814.0,-35.5,66.0,-4.16,72,25.0,1.54,2,0
TiO2,35.0,1814.0,-35.5,66.0,-4.16,72,50.0,1.54,2,0
TiO2,35.0,1814.0,-35.5,66.0,-4.16,12,1e-05,1.54,2,0
TiO2,35.0,1814.0,-35.5,66.0,-4.16,12,6.25,1.54,2,0
TiO2,35.0,1814.0,-35.5,66.0,-4.16,12,12.5,1.54,2,0
TiO2,35.0,1814.0,-35.5,66.0,-4.16,12,25.0,1.54,2,0
TiO2,35.0,1814.0,-35.5,66.0,-4.16,12,50.0,1.54,2,0
TiO2,30.0,1843.0,-30.8,69.0,-4.16,72,1e-05,1.54,2,0
TiO2,30.0,1843.0,-30.8,69.0,-4.16,72,6.25,1.54,2,0
TiO2,30.0,1843.0,-30.8,69.0,-4.16,72,12.5,1.54,2,0
TiO2,30.0,1843.0,-30.8,69.0,-4.16,72,25.0,1.54,2,0
TiO2,30.0,1843.0,-30.8,69.0,-4.16,72,50.0,1.54,2,0
TiO2,30.0,1843.0,-30.8,69.0,-4.16,12,1e-05,1.54,2,0
TiO2,30.0,1843.0,-30.8,69.0,-4.16,12,6.25,1.54,2,0
TiO2,30.0,1843.0,-30.8,69.0,-4.16,12,12.5,1.54,2,0
TiO2,30.0,1843.0,-30.8,69.0,-4.16,12,25.0,1.54,2,0
TiO2,30.0,1843.0,-30.8,69.0,-4.16,12,50.0,1.54,2,0
TiO2,125.0,1054.0,-40.8,38.0,-4.16,72,1e-05,1.54,2,0
TiO2,125.0,1054.0,-40.8,38.0,-4.16,72,6.25,1.54,2,0
TiO2,125.0,1054.0,-40.8,38.0,-4.16,72,12.5,1.54,2,0
TiO2,125.0,1054.0,-40.8,38.0,-4.16,72,25.0,1.54,2,0
TiO2,125.0,1054.0,-40.8,38.0,-4.16,72,50.0,1.54,2,1
TiO2,125.0,1054.0,-40.8,38.0,-4.16,12,1e-05,1.54,2,0
TiO2,125.0,1054.0,-40.8,38.0,-4.16,12,6.25,1.54,2,0
TiO2,125.0,1054.0,-40.8,38.0,-4.16,12,12.5,1.54,2,0
TiO2,125.0,1054.0,-40.8,38.0,-4.16,12,25.0,1.54,2,0
TiO2,125.0,1054.0,-40.8,38.0,-4.16,12,50.0,1.54,2,0
TiO2,33.7,303.0,-25.3,42.5,-4.16,24,0.1,1.54,2,0
TiO2,33.7,303.0,-25.3,42.5,-4.16,24,1.0,1.54,2,0
TiO2,33.7,303.0,-25.3,42.5,-4.16,24,10.0,1.54,2,0
TiO2,33.7,303.0,-25.3,42.5,-4.16,24,0.1,1.54,2,0
TiO2,33.7,303.0,-25.3,42.5,-4.16,24,1.0,1.54,2,0
TiO2,33.7,303.0,-25.3,42.5,-4.16,24,10.0,1.54,2,0
TiO2,33.7,308.0,-25.3,42.5,-4.16,24,0.1,1.54,2,0
TiO2,33.7,308.0,-25.3,42.5,-4.16,24,1.0,1.54,2,0
TiO2,33.7,308.0,-25.3,42.5,-4.16,24,10.0,1.54,2,0
TiO2,33.7,308.0,-25.3,42.5,-4.16,24,100.0,1.54,2,0
TiO2,33.7,308.0,-25.3,42.5,-4.16,24,0.1,1.54,2,0
TiO2,33.7,308.0,-25.3,42.5,-4.16,24,1.0,1.54,2,0
TiO2,33.7,308.0,-25.3,42.5,-4.16,24,10.0,1.54,2,0
TiO2,33.7,308.0,-25.3,42.5,-4.16,24,100.0,1.54,2,0
TiO2,33.7,303.0,-25.3,42.5,-4.16,48,0.1,1.54,2,0
TiO2,33.7,303.0,-25.3,42.5,-4.16,48,1.0,1.54,2,0
TiO2,33.7,303.0,-25.3,42.5,-4.16,48,10.0,1.54,2,0
TiO2,33.7,303.0,-25.3,42.5,-4.16,48,100.0,1.54,2,0
TiO2,33.7,303.0,-25.3,42.5,-4.16,24,0.1,1.54,2,0
TiO2,33.7,303.0,-25.3,42.5,-4.16,24,1.0,1.54,2,0
TiO2,33.7,303.0,-25.3,42.5,-4.16,24,10.0,1.54,2,0
TiO2,33.7,308.0,-25.3,42.5,-4.16,48,0.1,1.54,2,0
TiO2,33.7,308.0,-25.3,42.5,-4.16,48,1.0,1.54,2,0
TiO2,33.7,308.0,-25.3,42.5,-4.16,48,10.0,1.54,2,0
TiO2,33.7,308.0,-25.3,42.5,-4.16,48,100.0,1.54,2,0
TiO2,33.7,308.0,-25.3,42.5,-4.16,24,0.1,1.54,2,0
TiO2,33.7,308.0,-25.3,42.5,-4.16,24,1.0,1.54,2,0
TiO2,33.7,308.0,-25.3,42.5,-4.16,24,10.0,1.54,2,0
TiO2,33.7,308.0,-25.3,42.5,-4.16,24,100.0,1.54,2,0
ZnO,45.3,310.0,32.7,21.3,-3.89,24,0.001,1.65,1,0
ZnO,45.3,310.0,32.7,21.3,-3.89,24,0.01,1.65,1,0
ZnO,45.3,310.0,32.7,21.3,-3.89,24,0.1,1.65,1,0
ZnO,45.3,310.0,32.7,21.3,-3.89,24,1.0,1.65,1,0
ZnO,45.3,310.0,32.7,21.3,-3.89,24,5.0,1.65,1,0
ZnO,45.3,310.0,32.7,21.3,-3.89,24,10.0,1.65,1,0
ZnO,45.3,310.0,32.7,21.3,-3.89,24,20.0,1.65,1,1
ZnO,45.3,310.0,32.7,21.3,-3.89,24,50.0,1.65,1,1
ZnO,45.3,310.0,32.7,21.3,-3.89,24,100.0,1.65,1,1
ZnO,45.3,310.0,32.7,21.3,-3.89,12,0.001,1.65,1,0
ZnO,45.3,310.0,32.7,21.3,-3.89,12,0.01,1.65,1,0
ZnO,45.3,310.0,32.7,21.3,-3.89,12,0.1,1.65,1,0
ZnO,45.3,310.0,32.7,21.3,-3.89,12,1.0,1.65,1,0
ZnO,45.3,310.0,32.7,21.3,-3.89,12,5.0,1.65,1,0
ZnO,45.3,310.0,32.7,21.3,-3.89,12,10.0,1.65,1,0
ZnO,45.3,310.0,32.7,21.3,-3.89,12,20.0,1.65,1,0
ZnO,45.3,310.0,32.7,21.3,-3.89,12,50.0,1.65,1,1
ZnO,45.3,310.0,32.7,21.3,-3.89,12,100.0,1.65,1,1
ZnO,115.0,360.0,-10.0,14.4,-3.89,24,10.0,1.65,1,0
ZnO,115.0,360.0,-10.0,14.4,-3.89,24,20.0,1.65,1,0
ZnO,115.0,360.0,-10.0,14.4,-3.89,24,30.0,1.65,1,1
ZnO,115.0,360.0,-10.0,14.4,-3.89,24,50.0,1.65,1,1
ZnO,115.0,360.0,-10.0,14.4,-3.89,24,80.0,1.65,1,1
ZnO,115.0,500.0,-9.0,14.5,-3.89,24,10.0,1.65,1,0
ZnO,115.0,500.0,-9.0,14.5,-3.89,24,20.0,1.65,1,0
ZnO,115.0,500.0,-9.0,14.5,-3.89,24,30.0,1.65,1,0
ZnO,115.0,500.0,-9.0,14.5,-3.89,24,50.0,1.65,1,1
ZnO,115.0,500.0,-9.0,14.5,-3.89,24,80.0,1.65,1,1
ZnO,115.0,360.0,-10.0,14.4,-3.89,24,10.0,1.65,1,0
ZnO,115.0,360.0,-10.0,14.4,-3.89,24,20.0,1.65,1,0
ZnO,115.0,360.0,-10.0,14.4,-3.89,24,30.0,1.65,1,1
ZnO,115.0,360.0,-10.0,14.4,-3.89,24,50.0,1.65,1,1
ZnO,115.0,360.0,-10.0,14.4,-3.89,24,80.0,1.65,1,1
ZnO,115.0,500.0,-9.0,14.5,-3.89,24,10.0,1.65,1,0
ZnO,115.0,500.0,-9.0,14.5,-3.89,24,20.0,1.65,1,0
ZnO,115.0,500.0,-9.0,14.5,-3.89,24,30.0,1.65,1,1
ZnO,115.0,500.0,-9.0,14.5,-3.89,24,50.0,1.65,1,1
ZnO,115.0,500.0,-9.0,14.5,-3.89,24,80.0,1.65,1,1
ZnO,60.0,329.0,-9.3,7.34,-3.89,24,1e-05,1.65,1,0
ZnO,60.0,329.0,-9.3,7.34,-3.89,24,5.0,1.65,1,0
ZnO,60.0,329.0,-9.3,7.34,-3.89,24,10.0,1.65,1,0
ZnO,60.0,329.0,-9.3,7.34,-3.89,24,20.0,1.65,1,0
ZnO,60.0,329.0,-9.3,7.34,-3.89,24,40.0,1.65,1,1
ZnO,60.0,329.0,-9.3,7.34,-3.89,24,80.0,1.65,1,1
ZnO,60.0,320.0,-7.5,7.34,-3.89,24,1e-05,1.65,1,0
ZnO,60.0,320.0,-7.5,7.34,-3.89,24,5.0,1.65,1,0
ZnO,60.0,320.0,-7.5,7.34,-3.89,24,10.0,1.65,1,0
ZnO,60.0,320.0,-7.5,7.34,-3.89,24,20.0,1.65,1,1
ZnO,60.0,320.0,-7.5,7.34,-3.89,24,40.0,1.65,1,1
ZnO,60.0,320.0,-7.5,7.34,-3.89,24,80.0,1.65,1,1
ZnO,60.0,936.0,-2.4,7.34,-3.89,24,1e-05,1.65,1,0
ZnO,60.0,936.0,-2.4,7.34,-3.89,24,5.0,1.65,1,0
ZnO,60.0,936.0,-2.4,7.34,-3.89,24,10.0,1.65,1,0
ZnO,60.0,936.0,-2.4,7.34,-3.89,24,20.0,1.65,1,1
ZnO,60.0,936.0,-2.4,7.34,-3.89,24,40.0,1.65,1,1
ZnO,60.0,936.0,-2.4,7.34,-3.89,24,80.0,1.65,1,1
ZnO,100.0,273.4,-11.7,20.0,-3.89,48,1e-05,1.65,1,0
ZnO,100.0,273.4,-11.7,20.0,-3.89,48,10.0,1.65,1,0
ZnO,100.0,273.4,-11.7,20.0,-3.89,48,15.0,1.65,1,0
ZnO,100.0,273.4,-11.7,20.0,-3.89,48,20.0,1.65,1,0
ZnO,100.0,273.4,-11.7,20.0,-3.89,48,25.0,1.65,1,0
ZnO,100.0,273.4,-11.7,20.0,-3.89,48,30.0,1.65,1,0
ZnO,100.0,273.4,-11.7,20.0,-3.89,48,35.0,1.65,1,0
ZnO,100.0,273.4,-11.7,20.0,-3.89,48,40.0,1.65,1,0
ZnO,100.0,273.4,-11.7,20.0,-3.89,48,80.0,1.65,1,0
ZnO,100.0,273.4,-11.7,20.0,-3.89,24,1e-05,1.65,1,0
ZnO,100.0,273.4,-11.7,20.0,-3.89,24,10.0,1.65,1,0
ZnO,100.0,273.4,-11.7,20.0,-3.89,24,15.0,1.65,1,0
ZnO,100.0,273.4,-11.7,20.0,-3.89,24,20.0,1.65,1,0
ZnO,100.0,273.4,-11.7,20.0,-3.89,24,25.0,1.65,1,0
ZnO,100.0,273.4,-11.7,20.0,-3.89,24,30.0,1.65,1,0
ZnO,100.0,273.4,-11.7,20.0,-3.89,24,35.0,1.65,1,0
ZnO,100.0,273.4,-11.7,20.0,-3.89,24,40.0,1.65,1,0
ZnO,100.0,273.4,-11.7,20.0,-3.89,24,80.0,1.65,1,1
ZnO,100.0,273.4,-11.7,20.0,-3.89,6,1e-05,1.65,1,0
ZnO,100.0,273.4,-11.7,20.0,-3.89,6,10.0,1.65,1,0
ZnO,100.0,273.4,-11.7,20.0,-3.89,6,15.0,1.65,1,0
ZnO,100.0,273.4,-11.7,20.0,-3.89,6,20.0,1.65,1,0
ZnO,100.0,273.4,-11.7,20.0,-3.89,6,25.0,1.65,1,0
ZnO,100.0,273.4,-11.7,20.0,-3.89,6,30.0,1.65,1,0
ZnO,100.0,273.4,-11.7,20.0,-3.89,6,35.0,1.65,1,0
ZnO,100.0,273.4,-11.7,20.0,-3.89,6,40.0,1.65,1,0
ZnO,100.0,273.4,-11.7,20.0,-3.89,6,80.0,1.65,1,0
ZnO,100.0,273.4,-11.7,20.0,-3.89,3,1e-05,1.65,1,0
ZnO,100.0,273.4,-11.7,20.0,-3.89,3,10.0,1.65,1,0
ZnO,100.0,273.4,-11.7,20.0,-3.89,3,15.0,1.65,1,0
ZnO,100.0,273.4,-11.7,20.0,-3.89,3,20.0,1.65,1,0
ZnO,100.0,273.4,-11.7,20.0,-3.89,3,25.0,1.65,1,0
ZnO,100.0,273.4,-11.7,20.0,-3.89,3,30.0,1.65,1,0
ZnO,100.0,273.4,-11.7,20.0,-3.89,3,35.0,1.65,1,0
ZnO,100.0,273.4,-11.7,20.0,-3.89,3,40.0,1.65,1,0
ZnO,100.0,273.4,-11.7,20.0,-3.89,3,80.0,1.65,1,0
ZnO,100.0,273.4,-11.7,20.0,-3.89,48,1e-05,1.65,1,0
ZnO,100.0,273.4,-11.7,20.0,-3.89,48,10.0,1.65,1,0
ZnO,100.0,273.4,-11.7,20.0,-3.89,48,15.0,1.65,1,0
ZnO,100.0,273.4,-11.7,20.0,-3.89,48,20.0,1.65,1,0
ZnO,100.0,273.4,-11.7,20.0,-3.89,48,25.0,1.65,1,1
ZnO,100.0,273.4,-11.7,20.0,-3.89,48,30.0,1.65,1,1
ZnO,100.0,273.4,-11.7,20.0,-3.89,48,35.0,1.65,1,1
ZnO,100.0,273.4,-11.7,20.0,-3.89,48,40.0,1.65,1,1
ZnO,100.0,273.4,-11.7,20.0,-3.89,24,1e-05,1.65,1,0
ZnO,100.0,273.4,-11.7,20.0,-3.89,24,10.0,1.65,1,0
ZnO,100.0,273.4,-11.7,20.0,-3.89,24,15.0,1.65,1,0
ZnO,100.0,273.4,-11.7,20.0,-3.89,24,20.0,1.65,1,0
ZnO,100.0,273.4,-11.7,20.0,-3.89,24,25.0,1.65,1,1
ZnO,100.0,273.4,-11.7,20.0,-3.89,24,30.0,1.65,1,1
ZnO,100.0,273.4,-11.7,20.0,-3.89,24,35.0,1.65,1,1
ZnO,100.0,273.4,-11.7,20.0,-3.89,24,40.0,1.65,1,1
ZnO,100.0,273.4,-11.7,20.0,-3.89,24,80.0,1.65,1,1
ZnO,100.0,273.4,-11.7,20.0,-3.89,6,1e-05,1.65,1,0
ZnO,100.0,273.4,-11.7,20.0,-3.89,6,10.0,1.65,1,0
ZnO,100.0,273.4,-11.7,20.0,-3.89,6,15.0,1.65,1,0
ZnO,100.0,273.4,-11.7,20.0,-3.89,6,20.0,1.65,1,0
ZnO,100.0,273.4,-11.7,20.0,-3.89,6,25.0,1.65,1,0
ZnO,100.0,273.4,-11.7,20.0,-3.89,6,30.0,1.65,1,0
ZnO,100.0,273.4,-11.7,20.0,-3.89,6,35.0,1.65,1,0
ZnO,100.0,273.4,-11.7,20.0,-3.89,6,40.0,1.65,1,0
ZnO,100.0,273.4,-11.7,20.0,-3.89,6,80.0,1.65,1,1
ZnO,100.0,273.4,-11.7,20.0,-3.89,3,1e-05,1.65,1,0
ZnO,100.0,273.4,-11.7,20.0,-3.89,3,10.0,1.65,1,0
ZnO,100.0,273.4,-11.7,20.0,-3.89,3,15.0,1.65,1,0
ZnO,100.0,273.4,-11.7,20.0,-3.89,3,20.0,1.65,1,0
ZnO,100.0,273.4,-11.7,20.0,-3.89,3,25.0,1.65,1,0
ZnO,100.0,273.4,-11.7,20.0,-3.89,3,30.0,1.65,1,0
ZnO,100.0,273.4,-11.7,20.0,-3.89,3,35.0,1.65,1,0
ZnO,100.0,273.4,-11.7,20.0,-3.89,3,40.0,1.65,1,0
ZnO,100.0,273.4,-11.7,20.0,-3.89,3,80.0,1.65,1,1
ZnO,86.0,687.0,31.3,7.0,-3.89,72,1e-05,1.65,1,0
ZnO,86.0,687.0,31.3,7.0,-3.89,72,1.56,1.65,1,0
ZnO,86.0,687.0,31.3,7.0,-3.89,72,3.13,1.65,1,0
ZnO,86.0,687.0,31.3,7.0,-3.89,72,6.25,1.65,1,0
ZnO,86.0,687.0,31.3,7.0,-3.89,72,12.5,1.65,1,1
ZnO,86.0,687.0,31.3,7.0,-3.89,72,25.0,1.65,1,1
ZnO,86.0,687.0,31.3,7.0,-3.89,72,50.0,1.65,1,1
ZnO,86.0,687.0,31.3,7.0,-3.89,24,1e-05,1.65,1,0
ZnO,86.0,687.0,31.3,7.0,-3.89,24,1.56,1.65,1,0
ZnO,86.0,687.0,31.3,7.0,-3.89,24,3.13,1.65,1,0
ZnO,86.0,687.0,31.3,7.0,-3.89,24,6.25,1.65,1,0
ZnO,86.0,687.0,31.3,7.0,-3.89,24,12.5,1.65,1,1
ZnO,86.0,687.0,31.3,7.0,-3.89,24,25.0,1.65,1,1
ZnO,86.0,687.0,31.3,7.0,-3.89,24,50.0,1.65,1,1
ZnO,86.0,687.0,31.3,7.0,-3.89,12,1e-05,1.65,1,0
ZnO,86.0,687.0,31.3,7.0,-3.89,12,1.56,1.65,1,0
ZnO,86.0,687.0,31.3,7.0,-3.89,12,3.13,1.65,1,0
ZnO,86.0,687.0,31.3,7.0,-3.89,12,6.25,1.65,1,0
ZnO,86.0,687.0,31.3,7.0,-3.89,12,12.5,1.65,1,0
ZnO,86.0,687.0,31.3,7.0,-3.89,12,25.0,1.65,1,0
ZnO,86.0,687.0,31.3,7.0,-3.89,12,50.0,1.65,1,0
ZnO,52.0,640.0,29.4,15.0,-3.89,72,1e-05,1.65,1,0
ZnO,52.0,640.0,29.4,15.0,-3.89,72,1.56,1.65,1,0
ZnO,52.0,640.0,29.4,15.0,-3.89,72,3.13,1.65,1,0
ZnO,52.0,640.0,29.4,15.0,-3.89,72,6.25,1.65,1,0
ZnO,52.0,640.0,29.4,15.0,-3.89,72,12.5,1.65,1,1
ZnO,52.0,640.0,29.4,15.0,-3.89,72,25.0,1.65,1,1
ZnO,52.0,640.0,29.4,15.0,-3.89,72,50.0,1.65,1,1
ZnO,52.0,640.0,29.4,15.0,-3.89,24,1e-05,1.65,1,0
ZnO,52.0,640.0,29.4,15.0,-3.89,24,1.56,1.65,1,0
ZnO,52.0,640.0,29.4,15.0,-3.89,24,3.13,1.65,1,0
ZnO,52.0,640.0,29.4,15.0,-3.89,24,6.25,1.65,1,0
ZnO,52.0,640.0,29.4,15.0,-3.89,24,12.5,1.65,1,1
ZnO,52.0,640.0,29.4,15.0,-3.89,24,25.0,1.65,1,1
ZnO,52.0,640.0,29.4,15.0,-3.89,24,50.0,1.65,1,1
ZnO,52.0,640.0,29.4,15.0,-3.89,12,1e-05,1.65,1,0
ZnO,52.0,640.0,29.4,15.0,-3.89,12,1.56,1.65,1,0
ZnO,52.0,640.0,29.4,15.0,-3.89,12,3.13,1.65,1,0
ZnO,52.0,640.0,29.4,15.0,-3.89,12,6.25,1.65,1,0
ZnO,52.0,640.0,29.4,15.0,-3.89,12,12.5,1.65,1,0
ZnO,52.0,640.0,29.4,15.0,-3.89,12,25.0,1.65,1,0
ZnO,52.0,640.0,29.4,15.0,-3.89,12,50.0,1.65,1,0
ZnO,7.5,795.0,27.4,90.0,-3.89,72,1e-05,1.65,1,0
ZnO,7.5,795.0,27.4,90.0,-3.89,72,1.56,1.65,1,0
ZnO,7.5,795.0,27.4,90.0,-3.89,72,3.13,1.65,1,0
ZnO,7.5,795.0,27.4,90.0,-3.89,72,6.25,1.65,1,0
ZnO,7.5,795.0,27.4,90.0,-3.89,72,12.5,1.65,1,1
ZnO,7.5,795.0,27.4,90.0,-3.89,72,25.0,1.65,1,1
ZnO,7.5,795.0,27.4,90.0,-3.89,72,50.0,1.65,1,1
ZnO,7.5,795.0,27.4,90.0,-3.89,24,1e-05,1.65,1,0
ZnO,7.5,795.0,27.4,90.0,-3.89,24,1.56,1.65,1,0
ZnO,7.5,795.0,27.4,90.0,-3.89,24,3.13,1.65,1,0
ZnO,7.5,795.0,27.4,90.0,-3.89,24,6.25,1.65,1,0
ZnO,7.5,795.0,27.4,90.0,-3.89,24,12.5,1.65,1,0
ZnO,7.5,795.0,27.4,90.0,-3.89,24,25.0,1.65,1,1
ZnO,7.5,795.0,27.4,90.0,-3.89,24,50.0,1.65,1,1
ZnO,7.5,795.0,27.4,90.0,-3.89,12,1e-05,1.65,1,0
ZnO,7.5,795.0,27.4,90.0,-3.89,12,1.56,1.65,1,0
ZnO,7.5,795.0,27.4,90.0,-3.89,12,3.13,1.65,1,0
ZnO,7.5,795.0,27.4,90.0,-3.89,12,6.25,1.65,1,0
ZnO,7.5,795.0,27.4,90.0,-3.89,12,12.5,1.65,1,0
ZnO,7.5,795.0,27.4,90.0,-3.89,12,25.0,1.65,1,1
ZnO,7.5,795.0,27.4,90.0,-3.89,12,50.0,1.65,1,1
ZnO,32.0,1093.0,21.6,37.0,-3.89,72,1e-05,1.65,1,0
ZnO,32.0,1093.0,21.6,37.0,-3.89,72,1.56,1.65,1,0
ZnO,32.0,1093.0,21.6,37.0,-3.89,72,3.13,1.65,1,0
ZnO,32.0,1093.0,21.6,37.0,-3.89,72,6.25,1.65,1,0
ZnO,32.0,1093.0,21.6,37.0,-3.89,72,12.5,1.65,1,1
ZnO,32.0,1093.0,21.6,37.0,-3.89,72,25.0,1.65,1,1
ZnO,32.0,1093.0,21.6,37.0,-3.89,72,50.0,1.65,1,1
ZnO,32.0,1093.0,21.6,37.0,-3.89,24,1e-05,1.65,1,0
ZnO,32.0,1093.0,21.6,37.0,-3.89,24,1.56,1.65,1,0
ZnO,32.0,1093.0,21.6,37.0,-3.89,24,3.13,1.65,1,0
ZnO,32.0,1093.0,21.6,37.0,-3.89,24,6.25,1.65,1,0
ZnO,32.0,1093.0,21.6,37.0,-3.89,24,12.5,1.65,1,0
ZnO,32.0,1093.0,21.6,37.0,-3.89,24,25.0,1.65,1,1
ZnO,32.0,1093.0,21.6,37.0,-3.89,24,50.0,1.65,1,1
ZnO,32.0,1093.0,21.6,37.0,-3.89,12,1e-05,1.65,1,0
ZnO,32.0,1093.0,21.6,37.0,-3.89,12,1.56,1.65,1,0
ZnO,32.0,1093.0,21.6,37.0,-3.89,12,3.13,1.65,1,0
ZnO,32.0,1093.0,21.6,37.0,-3.89,12,6.25,1.65,1,0
ZnO,32.0,1093.0,21.6,37.0,-3.89,12,12.5,1.65,1,0
ZnO,32.0,1093.0,21.6,37.0,-3.89,12,25.0,1.65,1,0
ZnO,32.0,1093.0,21.6,37.0,-3.89,12,50.0,1.65,1,1
ZnO,35.6,295.5,-41.6,27.9,-3.89,24,0.1,1.65,1,0
ZnO,35.6,295.5,-41.6,27.9,-3.89,24,10.0,1.65,1,1
ZnO,35.6,295.5,-41.6,27.9,-3.89,24,100.0,1.65,1,1
ZnO,35.6,295.5,-41.6,27.9,-3.89,24,0.1,1.65,1,0
ZnO,35.6,295.5,-41.6,27.9,-3.89,24,10.0,1.65,1,1
ZnO,35.6,295.5,-41.6,27.9,-3.89,24,100.0,1.65,1,1
ZnO,35.6,236.0,-41.6,27.9,-3.89,24,0.1,1.65,1,0
ZnO,35.6,236.0,-41.6,27.9,-3.89,24,1.0,1.65,1,0
ZnO,35.6,236.0,-41.6,27.9,-3.89,24,0.1,1.65,1,0
ZnO,35.6,236.0,-41.6,27.9,-3.89,24,1.0,1.65,1,0
ZnO,35.6,295.5,-41.6,27.9,-3.89,48,0.1,1.65,1,0
ZnO,35.6,295.5,-41.6,27.9,-3.89,48,1.0,1.65,1,0
ZnO,35.6,295.5,-41.6,27.9,-3.89,48,10.0,1.65,1,1
ZnO,35.6,295.5,-41.6,27.9,-3.89,48,100.0,1.65,1,1
ZnO,35.6,295.5,-41.6,27.9,-3.89,24,0.1,1.65,1,0
ZnO,35.6,295.5,-41.6,27.9,-3.89,24,10.0,1.65,1,1
ZnO,35.6,295.5,-41.6,27.9,-3.89,24,100.0,1.65,1,1
ZnO,35.6,236.0,-41.6,27.9,-3.89,48,0.1,1.65,1,0
ZnO,35.6,236.0,-41.6,27.9,-3.89,48,1.0,1.65,1,0
ZnO,35.6,236.0,-41.6,27.9,-3.89,48,10.0,1.65,1,0
ZnO,35.6,236.0,-41.6,27.9,-3.89,48,100.0,1.65,1,1
ZnO,35.6,236.0,-41.6,27.9,-3.89,24,0.1,1.65,1,0
ZnO,35.6,236.0,-41.6,27.9,-3.89,24,1.0,1.65,1,0
CuO,46.3,239.0,42.8,24.1,-5.17,24,10.0,1.9,1,1
CuO,46.3,239.0,42.8,24.1,-5.17,24,20.0,1.9,1,1
CuO,46.3,239.0,42.8,24.1,-5.17,24,50.0,1.9,1,1
CuO,46.3,239.0,42.8,24.1,-5.17,24,100.0,1.9,1,1
CuO,46.3,239.0,42.8,24.1,-5.17,12,20.0,1.9,1,1
CuO,46.3,239.0,42.8,24.1,-5.17,12,50.0,1.9,1,1
CuO,46.3,239.0,42.8,24.1,-5.17,12,100.0,1.9,1,1
TiO2,125.0,1054.0,-40.8,38.0,-4.16,72,50.0,1.54,2,1
ZnO,45.3,310.0,32.7,21.3,-3.89,24,20.0,1.65,1,1
ZnO,45.3,310.0,32.7,21.3,-3.89,24,50.0,1.65,1,1
ZnO,45.3,310.0,32.7,21.3,-3.89,24,100.0,1.65,1,1
ZnO,45.3,310.0,32.7,21.3,-3.89,12,50.0,1.65,1,1
ZnO,45.3,310.0,32.7,21.3,-3.89,12,100.0,1.65,1,1
ZnO,115.0,360.0,-10.0,14.4,-3.89,24,30.0,1.65,1,1
ZnO,115.0,360.0,-10.0,14.4,-3.89,24,50.0,1.65,1,1
ZnO,115.0,360.0,-10.0,14.4,-3.89,24,80.0,1.65,1,1
ZnO,115.0,500.0,-9.0,14.5,-3.89,24,50.0,1.65,1,1
ZnO,115.0,500.0,-9.0,14.5,-3.89,24,80.0,1.65,1,1
ZnO,115.0,360.0,-10.0,14.4,-3.89,24,30.0,1.65,1,1
ZnO,115.0,360.0,-10.0,14.4,-3.89,24,50.0,1.65,1,1
ZnO,115.0,360.0,-10.0,14.4,-3.89,24,80.0,1.65,1,1
ZnO,115.0,500.0,-9.0,14.5,-3.89,24,30.0,1.65,1,1
ZnO,115.0,500.0,-9.0,14.5,-3.89,24,50.0,1.65,1,1
ZnO,115.0,500.0,-9.0,14.5,-3.89,24,80.0,1.65,1,1
ZnO,60.0,329.0,-9.3,7.34,-3.89,24,40.0,1.65,1,1
ZnO,60.0,329.0,-9.3,7.34,-3.89,24,80.0,1.65,1,1
ZnO,60.0,320.0,-7.5,7.34,-3.89,24,20.0,1.65,1,1
ZnO,60.0,320.0,-7.5,7.34,-3.89,24,40.0,1.65,1,1
ZnO,60.0,320.0,-7.5,7.34,-3.89,24,80.0,1.65,1,1
ZnO,60.0,936.0,-2.4,7.34,-3.89,24,20.0,1.65,1,1
ZnO,60.0,936.0,-2.4,7.34,-3.89,24,40.0,1.65,1,1
ZnO,60.0,936.0,-2.4,7.34,-3.89,24,80.0,1.65,1,1
ZnO,100.0,273.4,-11.7,20.0,-3.89,24,80.0,1.65,1,1
ZnO,100.0,273.4,-11.7,20.0,-3.89,48,25.0,1.65,1,1
ZnO,100.0,273.4,-11.7,20.0,-3.89,48,30.0,1.65,1,1
ZnO,100.0,273.4,-11.7,20.0,-3.89,48,35.0,1.65,1,1
ZnO,100.0,273.4,-11.7,20.0,-3.89,48,40.0,1.65,1,1
ZnO,100.0,273.4,-11.7,20.0,-3.89,24,25.0,1.65,1,1
ZnO,100.0,273.4,-11.7,20.0,-3.89,24,30.0,1.65,1,1
ZnO,100.0,273.4,-11.7,20.0,-3.89,24,35.0,1.65,1,1
ZnO,100.0,273.4,-11.7,20.0,-3.89,24,40.0,1.65,1,1
ZnO,100.0,273.4,-11.7,20.0,-3.89,24,80.0,1.65,1,1
ZnO,100.0,273.4,-11.7,20.0,-3.89,6,80.0,1.65,1,1
ZnO,100.0,273.4,-11.7,20.0,-3.89,3,80.0,1.65,1,1
ZnO,86.0,687.0,31.3,7.0,-3.89,72,12.5,1.65,1,1
ZnO,86.0,687.0,31.3,7.0,-3.89,72,25.0,1.65,1,1
ZnO,86.0,687.0,31.3,7.0,-3.89,72,50.0,1.65,1,1
ZnO,86.0,687.0,31.3,7.0,-3.89,24,12.5,1.65,1,1
ZnO,86.0,687.0,31.3,7.0,-3.89,24,25.0,1.65,1,1
ZnO,86.0,687.0,31.3,7.0,-3.89,24,50.0,1.65,1,1
ZnO,52.0,640.0,29.4,15.0,-3.89,72,12.5,1.65,1,1
ZnO,52.0,640.0,29.4,15.0,-3.89,72,25.0,1.65,1,1
ZnO,52.0,640.0,29.4,15.0,-3.89,72,50.0,1.65,1,1
ZnO,52.0,640.0,29.4,15.0,-3.89,24,12.5,1.65,1,1
ZnO,52.0,640.0,29.4,15.0,-3.89,24,25.0,1.65,1,1
ZnO,52.0,640.0,29.4,15.0,-3.89,24,50.0,1.65,1,1
ZnO,7.5,795.0,27.4,90.0,-3.89,72,12.5,1.65,1,1
ZnO,7.5,795.0,27.4,90.0,-3.89,72,25.0,1.65,1,1
ZnO,7.5,795.0,27.4,90.0,-3.89,72,50.0,1.65,1,1
ZnO,7.5,795.0,27.4,90.0,-3.89,24,25.0,1.65,1,1
ZnO,7.5,795.0,27.4,90.0,-3.89,24,50.0,1.65,1,1
ZnO,7.5,795.0,27.4,90.0,-3.89,12,25.0,1.65,1,1
ZnO,7.5,795.0,27.4,90.0,-3.89,12,50.0,1.65,1,1
ZnO,32.0,1093.0,21.6,37.0,-3.89,72,12.5,1.65,1,1
ZnO,32.0,1093.0,21.6,37.0,-3.89,72,25.0,1.65,1,1
ZnO,32.0,1093.0,21.6,37.0,-3.89,72,50.0,1.65,1,1
ZnO,32.0,1093.0,21.6,37.0,-3.89,24,25.0,1.65,1,1
ZnO,32.0,1093.0,21.6,37.0,-3.89,24,50.0,1.65,1,1
ZnO,32.0,1093.0,21.6,37.0,-3.89,12,50.0,1.65,1,1
ZnO,35.6,295.5,-41.6,27.9,-3.89,24,10.0,1.65,1,1
ZnO,35.6,295.5,-41.6,27.9,-3.89,24,100.0,1.65,1,1
ZnO,35.6,295.5,-41.6,27.9,-3.89,24,10.0,1.65,1,1
ZnO,35.6,295.5,-41.6,27.9,-3.89,24,100.0,1.65,1,1
ZnO,35.6,295.5,-41.6,27.9,-3.89,48,10.0,1.65,1,1
ZnO,35.6,295.5,-41.6,27.9,-3.89,48,100.0,1.65,1,1
ZnO,35.6,295.5,-41.6,27.9,-3.89,24,10.0,1.65,1,1
ZnO,35.6,295.5,-41.6,27.9,-3.89,24,100.0,1.65,1,1
ZnO,35.6,236.0,-41.6,27.9,-3.89,48,100.0,1.65,1,1
ZnO,60.0,329.0,-9.3,7.34,-3.89,24,40.0,1.65,1,1
ZnO,52.0,640.0,29.4,15.0,-3.89,24,25.0,1.65,1,1
ZnO,52.0,640.0,29.4,15.0,-3.89,72,12.5,1.65,1,1
CuO,52.0,640.0,29.4,15.0,-3.89,24,12.5,1.65,1,1
ZnO,115.0,500.0,-9.0,14.5,-3.89,24,80.0,1.65,1,1
ZnO,7.5,795.0,27.4,90.0,-3.89,24,25.0,1.65,1,1
ZnO,115.0,360.0,-10.0,14.4,-3.89,24,50.0,1.65,1,1
ZnO,60.0,329.0,-9.3,7.34,-3.89,24,80.0,1.65,1,1
ZnO,115.0,360.0,-10.0,14.4,-3.89,24,50.0,1.65,1,1
ZnO,35.6,295.5,-41.6,27.9,-3.89,48,100.0,1.65,1,1
ZnO,60.0,320.0,-7.5,7.34,-3.89,24,20.0,1.65,1,1
ZnO,45.3,310.0,32.7,21.3,-3.89,12,100.0,1.65,1,1
ZnO,32.0,1093.0,21.6,37.0,-3.89,72,12.5,1.65,1,1
ZnO,100.0,273.4,-11.7,20.0,-3.89,48,35.0,1.65,1,1
CuO,100.0,273.4,-11.7,20.0,-3.89,24,40.0,1.65,1,1
ZnO,115.0,360.0,-10.0,14.4,-3.89,24,30.0,1.65,1,1
ZnO,115.0,360.0,-10.0,14.4,-3.89,24,50.0,1.65,1,1
ZnO,86.0,687.0,31.3,7.0,-3.89,72,50.0,1.65,1,1
ZnO,115.0,360.0,-10.0,14.4,-3.89,24,80.0,1.65,1,1
ZnO,7.5,795.0,27.4,90.0,-3.89,12,25.0,1.65,1,1
ZnO,52.0,640.0,29.4,15.0,-3.89,72,50.0,1.65,1,1
CuO,100.0,273.4,-11.7,20.0,-3.89,24,35.0,1.65,1,1
ZnO,35.6,295.5,-41.6,27.9,-3.89,24,10.0,1.65,1,1
ZnO,115.0,360.0,-10.0,14.4,-3.89,24,50.0,1.65,1,1
ZnO,35.6,295.5,-41.6,27.9,-3.89,24,100.0,1.65,1,1
ZnO,86.0,687.0,31.3,7.0,-3.89,24,25.0,1.65,1,1
ZnO,100.0,273.4,-11.7,20.0,-3.89,24,80.0,1.65,1,1
ZnO,7.5,795.0,27.4,90.0,-3.89,24,25.0,1.65,1,1
ZnO,100.0,273.4,-11.7,20.0,-3.89,24,35.0,1.65,1,1
ZnO,100.0,273.4,-11.7,20.0,-3.89,6,80.0,1.65,1,1
ZnO,100.0,273.4,-11.7,20.0,-3.89,24,80.0,1.65,1,1
ZnO,35.6,295.5,-41.6,27.9,-3.89,24,10.0,1.65,1,1
ZnO,32.0,1093.0,21.6,37.0,-3.89,72,50.0,1.65,1,1
ZnO,46.3,239.0,42.8,24.1,-5.17,24,100.0,1.9,1,1
ZnO,100.0,273.4,-11.7,20.0,-3.89,24,30.0,1.65,1,1
ZnO,115.0,500.0,-9.0,14.5,-3.89,24,80.0,1.65,1,1
ZnO,32.0,1093.0,21.6,37.0,-3.89,72,50.0,1.65,1,1
TiO2,115.0,500.0,-9.0,14.5,-3.89,24,30.0,1.65,1,1
ZnO,100.0,273.4,-11.7,20.0,-3.89,24,80.0,1.65,1,1
ZnO,45.3,310.0,32.7,21.3,-3.89,12,100.0,1.65,1,1
ZnO,100.0,273.4,-11.7,20.0,-3.89,48,35.0,1.65,1,1
ZnO,52.0,640.0,29.4,15.0,-3.89,24,50.0,1.65,1,1
ZnO,125.0,1054.0,-40.8,38.0,-4.16,72,50.0,1.54,2,1
ZnO,86.0,687.0,31.3,7.0,-3.89,24,50.0,1.65,1,1
ZnO,52.0,640.0,29.4,15.0,-3.89,24,50.0,1.65,1,1
ZnO,100.0,273.4,-11.7,20.0,-3.89,48,35.0,1.65,1,1
ZnO,100.0,273.4,-11.7,20.0,-3.89,24,30.0,1.65,1,1
TiO2,46.3,239.0,42.8,24.1,-5.17,24,20.0,1.9,1,1
ZnO,60.0,329.0,-9.3,7.34,-3.89,24,40.0,1.65,1,1
ZnO,115.0,360.0,-10.0,14.4,-3.89,24,80.0,1.65,1,1
ZnO,45.3,310.0,32.7,21.3,-3.89,12,50.0,1.65,1,1
ZnO,46.3,239.0,42.8,24.1,-5.17,24,100.0,1.9,1,1
ZnO,32.0,1093.0,21.6,37.0,-3.89,72,12.5,1.65,1,1
CuO,100.0,273.4,-11.7,20.0,-3.89,48,40.0,1.65,1,1
ZnO,52.0,640.0,29.4,15.0,-3.89,72,25.0,1.65,1,1
ZnO,35.6,295.5,-41.6,27.9,-3.89,24,10.0,1.65,1,1
ZnO,35.6,295.5,-41.6,27.9,-3.89,24,10.0,1.65,1,1
ZnO,35.6,295.5,-41.6,27.9,-3.89,24,100.0,1.65,1,1
ZnO,60.0,936.0,-2.4,7.34,-3.89,24,20.0,1.65,1,1
ZnO,7.5,795.0,27.4,90.0,-3.89,72,25.0,1.65,1,1
ZnO,52.0,640.0,29.4,15.0,-3.89,24,12.5,1.65,1,1
ZnO,52.0,640.0,29.4,15.0,-3.89,24,12.5,1.65,1,1
ZnO,46.3,239.0,42.8,24.1,-5.17,24,100.0,1.9,1,1
ZnO,45.3,310.0,32.7,21.3,-3.89,24,100.0,1.65,1,1
ZnO,86.0,687.0,31.3,7.0,-3.89,72,12.5,1.65,1,1
ZnO,7.5,795.0,27.4,90.0,-3.89,12,50.0,1.65,1,1
ZnO,115.0,360.0,-10.0,14.4,-3.89,24,50.0,1.65,1,1
ZnO,46.3,239.0,42.8,24.1,-5.17,12,20.0,1.9,1,1
ZnO,35.6,295.5,-41.6,27.9,-3.89,24,10.0,1.65,1,1
ZnO,46.3,239.0,42.8,24.1,-5.17,24,100.0,1.9,1,1
ZnO,115.0,360.0,-10.0,14.4,-3.89,24,50.0,1.65,1,1
ZnO,115.0,500.0,-9.0,14.5,-3.89,24,80.0,1.65,1,1
ZnO,115.0,360.0,-10.0,14.4,-3.89,24,30.0,1.65,1,1
ZnO,52.0,640.0,29.4,15.0,-3.89,72,50.0,1.65,1,1
CuO,115.0,500.0,-9.0,14.5,-3.89,24,30.0,1.65,1,1
ZnO,46.3,239.0,42.8,24.1,-5.17,12,100.0,1.9,1,1
TiO2,46.3,239.0,42.8,24.1,-5.17,24,50.0,1.9,1,1
ZnO,100.0,273.4,-11.7,20.0,-3.89,48,35.0,1.65,1,1
ZnO,52.0,640.0,29.4,15.0,-3.89,24,25.0,1.65,1,1
ZnO,86.0,687.0,31.3,7.0,-3.89,72,25.0,1.65,1,1
ZnO,115.0,360.0,-10.0,14.4,-3.89,24,50.0,1.65,1,1
ZnO,86.0,687.0,31.3,7.0,-3.89,72,50.0,1.65,1,1
ZnO,7.5,795.0,27.4,90.0,-3.89,24,25.0,1.65,1,1
ZnO,46.3,239.0,42.8,24.1,-5.17,24,100.0,1.9,1,1
ZnO,115.0,500.0,-9.0,14.5,-3.89,24,50.0,1.65,1,1
ZnO,45.3,310.0,32.7,21.3,-3.89,24,100.0,1.65,1,1
CuO,86.0,687.0,31.3,7.0,-3.89,72,25.0,1.65,1,1
ZnO,115.0,360.0,-10.0,14.4,-3.89,24,30.0,1.65,1,1
ZnO,115.0,360.0,-10.0,14.4,-3.89,24,50.0,1.65,1,1
ZnO,52.0,640.0,29.4,15.0,-3.89,72,25.0,1.65,1,1
ZnO,46.3,239.0,42.8,24.1,-5.17,24,100.0,1.9,1,1
ZnO,32.0,1093.0,21.6,37.0,-3.89,24,50.0,1.65,1,1
ZnO,86.0,687.0,31.3,7.0,-3.89,72,12.5,1.65,1,1
ZnO,7.5,795.0,27.4,90.0,-3.89,72,25.0,1.65,1,1
ZnO,45.3,310.0,32.7,21.3,-3.89,24,20.0,1.65,1,1
ZnO,52.0,640.0,29.4,15.0,-3.89,72,12.5,1.65,1,1
ZnO,60.0,936.0,-2.4,7.34,-3.89,24,80.0,1.65,1,1
ZnO,86.0,687.0,31.3,7.0,-3.89,24,12.5,1.65,1,1
ZnO,100.0,273.4,-11.7,20.0,-3.89,48,40.0,1.65,1,1
ZnO,45.3,310.0,32.7,21.3,-3.89,12,50.0,1.65,1,1
ZnO,35.6,295.5,-41.6,27.9,-3.89,48,100.0,1.65,1,1
ZnO,35.6,295.5,-41.6,27.9,-3.89,48,10.0,1.65,1,1
ZnO,32.0,1093.0,21.6,37.0,-3.89,24,25.0,1.65,1,1
CuO,7.5,795.0,27.4,90.0,-3.89,24,50.0,1.65,1,1
ZnO,35.6,295.5,-41.6,27.9,-3.89,24,10.0,1.65,1,1
CuO,35.6,295.5,-41.6,27.9,-3.89,24,100.0,1.65,1,1
ZnO,60.0,936.0,-2.4,7.34,-3.89,24,40.0,1.65,1,1
ZnO,100.0,273.4,-11.7,20.0,-3.89,48,30.0,1.65,1,1
ZnO,60.0,320.0,-7.5,7.34,-3.89,24,20.0,1.65,1,1
ZnO,100.0,273.4,-11.7,20.0,-3.89,24,80.0,1.65,1,1
ZnO,32.0,1093.0,21.6,37.0,-3.89,24,50.0,1.65,1,1
ZnO,7.5,795.0,27.4,90.0,-3.89,72,50.0,1.65,1,1
ZnO,45.3,310.0,32.7,21.3,-3.89,24,20.0,1.65,1,1
ZnO,115.0,360.0,-10.0,14.4,-3.89,24,50.0,1.65,1,1
CuO,46.3,239.0,42.8,24.1,-5.17,12,100.0,1.9,1,1
ZnO,7.5,795.0,27.4,90.0,-3.89,24,50.0,1.65,1,1
ZnO,86.0,687.0,31.3,7.0,-3.89,24,50.0,1.65,1,1
ZnO,35.6,295.5,-41.6,27.9,-3.89,24,100.0,1.65,1,1
ZnO,46.3,239.0,42.8,24.1,-5.17,24,10.0,1.9,1,1
ZnO,35.6,236.0,-41.6,27.9,-3.89,48,100.0,1.65,1,1
ZnO,7.5,795.0,27.4,90.0,-3.89,12,50.0,1.65,1,1
ZnO,86.0,687.0,31.3,7.0,-3.89,24,12.5,1.65,1,1
ZnO,115.0,500.0,-9.0,14.5,-3.89,24,50.0,1.65,1,1
ZnO,7.5,795.0,27.4,90.0,-3.89,72,50.0,1.65,1,1
CuO,7.5,795.0,27.4,90.0,-3.89,12,50.0,1.65,1,1
ZnO,115.0,360.0,-10.0,14.4,-3.89,24,50.0,1.65,1,1
ZnO,86.0,687.0,31.3,7.0,-3.89,24,25.0,1.65,1,1
ZnO,35.6,295.5,-41.6,27.9,-3.89,24,100.0,1.65,1,1
ZnO,100.0,273.4,-11.7,20.0,-3.89,48,30.0,1.65,1,1
ZnO,46.3,239.0,42.8,24.1,-5.17,12,50.0,1.9,1,1
ZnO,35.6,295.5,-41.6,27.9,-3.89,24,100.0,1.65,1,1
ZnO,46.3,239.0,42.8,24.1,-5.17,12,20.0,1.9,1,1
ZnO,32.0,1093.0,21.6,37.0,-3.89,72,50.0,1.65,1,1
ZnO,7.5,795.0,27.4,90.0,-3.89,72,12.5,1.65,1,1
ZnO,86.0,687.0,31.3,7.0,-3.89,72,12.5,1.65,1,1
ZnO,46.3,239.0,42.8,24.1,-5.17,12,50.0,1.9,1,1
ZnO,86.0,687.0,31.3,7.0,-3.89,72,25.0,1.65,1,1
ZnO,60.0,936.0,-2.4,7.34,-3.89,24,40.0,1.65,1,1
ZnO,7.5,795.0,27.4,90.0,-3.89,72,50.0,1.65,1,1
CuO,60.0,320.0,-7.5,7.34,-3.89,24,20.0,1.65,1,1
ZnO,60.0,329.0,-9.3,7.34,-3.89,24,80.0,1.65,1,1
ZnO,60.0,936.0,-2.4,7.34,-3.89,24,20.0,1.65,1,1
ZnO,32.0,1093.0,21.6,37.0,-3.89,12,50.0,1.65,1,1
ZnO,7.5,795.0,27.4,90.0,-3.89,72,25.0,1.65,1,1
ZnO,52.0,640.0,29.4,15.0,-3.89,72,50.0,1.65,1,1
ZnO,52.0,640.0,29.4,15.0,-3.89,72,25.0,1.65,1,1
CuO,100.0,273.4,-11.7,20.0,-3.89,48,25.0,1.65,1,1
ZnO,86.0,687.0,31.3,7.0,-3.89,24,12.5,1.65,1,1
ZnO,32.0,1093.0,21.6,37.0,-3.89,24,50.0,1.65,1,1
ZnO,115.0,500.0,-9.0,14.5,-3.89,24,50.0,1.65,1,1
ZnO,86.0,687.0,31.3,7.0,-3.89,72,25.0,1.65,1,1
ZnO,45.3,310.0,32.7,21.3,-3.89,12,100.0,1.65,1,1
ZnO,46.3,239.0,42.8,24.1,-5.17,24,50.0,1.9,1,1
ZnO,32.0,1093.0,21.6,37.0,-3.89,72,25.0,1.65,1,1
ZnO,45.3,310.0,32.7,21.3,-3.89,24,50.0,1.65,1,1
ZnO,115.0,360.0,-10.0,14.4,-3.89,24,50.0,1.65,1,1
ZnO,115.0,360.0,-10.0,14.4,-3.89,24,30.0,1.65,1,1
ZnO,100.0,273.4,-11.7,20.0,-3.89,48,30.0,1.65,1,1
CuO,32.0,1093.0,21.6,37.0,-3.89,24,50.0,1.65,1,1
ZnO,35.6,295.5,-41.6,27.9,-3.89,48,10.0,1.65,1,1
ZnO,32.0,1093.0,21.6,37.0,-3.89,72,50.0,1.65,1,1
CuO,100.0,273.4,-11.7,20.0,-3.89,6,80.0,1.65,1,1
ZnO,52.0,640.0,29.4,15.0,-3.89,72,25.0,1.65,1,1
ZnO,35.6,295.5,-41.6,27.9,-3.89,24,10.0,1.65,1,1
ZnO,45.3,310.0,32.7,21.3,-3.89,12,50.0,1.65,1,1
ZnO,100.0,273.4,-11.7,20.0,-3.89,24,30.0,1.65,1,1
ZnO,46.3,239.0,42.8,24.1,-5.17,24,50.0,1.9,1,1
ZnO,60.0,329.0,-9.3,7.34,-3.89,24,40.0,1.65,1,1
ZnO,35.6,295.5,-41.6,27.9,-3.89,24,10.0,1.65,1,1
ZnO,7.5,795.0,27.4,90.0,-3.89,24,25.0,1.65,1,1
ZnO,32.0,1093.0,21.6,37.0,-3.89,24,25.0,1.65,1,1
ZnO,52.0,640.0,29.4,15.0,-3.89,24,50.0,1.65,1,1
ZnO,100.0,273.4,-11.7,20.0,-3.89,24,40.0,1.65,1,1
ZnO,52.0,640.0,29.4,15.0,-3.89,72,25.0,1.65,1,1
ZnO,52.0,640.0,29.4,15.0,-3.89,24,25.0,1.65,1,1
ZnO,32.0,1093.0,21.6,37.0,-3.89,72,50.0,1.65,1,1
ZnO,45.3,310.0,32.7,21.3,-3.89,24,50.0,1.65,1,1
ZnO,86.0,687.0,31.3,7.0,-3.89,24,50.0,1.65,1,1
ZnO,100.0,273.4,-11.7,20.0,-3.89,24,80.0,1.65,1,1
ZnO,86.0,687.0,31.3,7.0,-3.89,72,25.0,1.65,1,1
ZnO,35.6,295.5,-41.6,27.9,-3.89,24,10.0,1.65,1,1
ZnO,45.3,310.0,32.7,21.3,-3.89,12,50.0,1.65,1,1
ZnO,100.0,273.4,-11.7,20.0,-3.89,48,30.0,1.65,1,1
ZnO,46.3,239.0,42.8,24.1,-5.17,24,100.0,1.9,1,1
ZnO,100.0,273.4,-11.7,20.0,-3.89,6,80.0,1.65,1,1
ZnO,60.0,329.0,-9.3,7.34,-3.89,24,80.0,1.65,1,1
ZnO,52.0,640.0,29.4,15.0,-3.89,72,50.0,1.65,1,1
ZnO,115.0,500.0,-9.0,14.5,-3.89,24,50.0,1.65,1,1
ZnO,7.5,795.0,27.4,90.0,-3.89,12,25.0,1.65,1,1
ZnO,7.5,795.0,27.4,90.0,-3.89,24,25.0,1.65,1,1
ZnO,7.5,795.0,27.4,90.0,-3.89,72,25.0,1.65,1,1
ZnO,125.0,1054.0,-40.8,38.0,-4.16,72,50.0,1.54,2,1
ZnO,115.0,500.0,-9.0,14.5,-3.89,24,50.0,1.65,1,1
ZnO,35.6,295.5,-41.6,27.9,-3.89,24,10.0,1.65,1,1
ZnO,45.3,310.0,32.7,21.3,-3.89,12,100.0,1.65,1,1
ZnO,46.3,239.0,42.8,24.1,-5.17,12,20.0,1.9,1,1
CuO,46.3,239.0,42.8,24.1,-5.17,12,50.0,1.9,1,1
ZnO,86.0,687.0,31.3,7.0,-3.89,24,50.0,1.65,1,1
ZnO,86.0,687.0,31.3,7.0,-3.89,72,12.5,1.65,1,1
ZnO,45.3,310.0,32.7,21.3,-3.89,24,100.0,1.65,1,1
ZnO,32.0,1093.0,21.6,37.0,-3.89,72,12.5,1.65,1,1
ZnO,46.3,239.0,42.8,24.1,-5.17,12,50.0,1.9,1,1
CuO,100.0,273.4,-11.7,20.0,-3.89,48,40.0,1.65,1,1
ZnO,115.0,360.0,-10.0,14.4,-3.89,24,50.0,1.65,1,1
ZnO,7.5,795.0,27.4,90.0,-3.89,12,25.0,1.65,1,1
ZnO,32.0,1093.0,21.6,37.0,-3.89,72,50.0,1.65,1,1
ZnO,60.0,936.0,-2.4,7.34,-3.89,24,20.0,1.65,1,1
ZnO,60.0,936.0,-2.4,7.34,-3.89,24,20.0,1.65,1,1
ZnO,100.0,273.4,-11.7,20.0,-3.89,6,80.0,1.65,1,1
ZnO,100.0,273.4,-11.7,20.0,-3.89,24,40.0,1.65,1,1
ZnO,35.6,295.5,-41.6,27.9,-3.89,48,100.0,1.65,1,1
ZnO,35.6,295.5,-41.6,27.9,-3.89,24,100.0,1.65,1,1
ZnO,100.0,273.4,-11.7,20.0,-3.89,6,80.0,1.65,1,1
ZnO,32.0,1093.0,21.6,37.0,-3.89,24,50.0,1.65,1,1
ZnO,32.0,1093.0,21.6,37.0,-3.89,72,25.0,1.65,1,1
ZnO,32.0,1093.0,21.6,37.0,-3.89,12,50.0,1.65,1,1
ZnO,60.0,329.0,-9.3,7.34,-3.89,24,80.0,1.65,1,1
CuO,46.3,239.0,42.8,24.1,-5.17,24,100.0,1.9,1,1
ZnO,35.6,295.5,-41.6,27.9,-3.89,24,100.0,1.65,1,1
ZnO,100.0,273.4,-11.7,20.0,-3.89,48,40.0,1.65,1,1
ZnO,46.3,239.0,42.8,24.1,-5.17,12,50.0,1.9,1,1
ZnO,100.0,273.4,-11.7,20.0,-3.89,24,80.0,1.65,1,1
TiO2,46.3,239.0,42.8,24.1,-5.17,24,50.0,1.9,1,1
ZnO,35.6,295.5,-41.6,27.9,-3.89,48,10.0,1.65,1,1
ZnO,46.3,239.0,42.8,24.1,-5.17,24,20.0,1.9,1,1
ZnO,7.5,795.0,27.4,90.0,-3.89,12,25.0,1.65,1,1
ZnO,115.0,360.0,-10.0,14.4,-3.89,24,50.0,1.65,1,1
ZnO,100.0,273.4,-11.7,20.0,-3.89,48,25.0,1.65,1,1
ZnO,60.0,936.0,-2.4,7.34,-3.89,24,20.0,1.65,1,1
ZnO,115.0,360.0,-10.0,14.4,-3.89,24,30.0,1.65,1,1
ZnO,7.5,795.0,27.4,90.0,-3.89,12,50.0,1.65,1,1
ZnO,32.0,1093.0,21.6,37.0,-3.89,24,50.0,1.65,1,1
ZnO,46.3,239.0,42.8,24.1,-5.17,24,100.0,1.9,1,1
ZnO,35.6,295.5,-41.6,27.9,-3.89,24,100.0,1.65,1,1
ZnO,115.0,500.0,-9.0,14.5,-3.89,24,80.0,1.65,1,1
ZnO,32.0,1093.0,21.6,37.0,-3.89,24,25.0,1.65,1,1
ZnO,46.3,239.0,42.8,24.1,-5.17,24,10.0,1.9,1,1
ZnO,115.0,360.0,-10.0,14.4,-3.89,24,50.0,1.65,1,1
ZnO,32.0,1093.0,21.6,37.0,-3.89,12,50.0,1.65,1,1
CuO,86.0,687.0,31.3,7.0,-3.89,24,25.0,1.65,1,1
ZnO,45.3,310.0,32.7,21.3,-3.89,12,100.0,1.65,1,1
ZnO,115.0,360.0,-10.0,14.4,-3.89,24,50.0,1.65,1,1
ZnO,45.3,310.0,32.7,21.3,-3.89,24,50.0,1.65,1,1
ZnO,115.0,500.0,-9.0,14.5,-3.89,24,80.0,1.65,1,1
ZnO,7.5,795.0,27.4,90.0,-3.89,24,25.0,1.65,1,1
ZnO,115.0,500.0,-9.0,14.5,-3.89,24,30.0,1.65,1,1
CuO,100.0,273.4,-11.7,20.0,-3.89,24,25.0,1.65,1,1
ZnO,115.0,500.0,-9.0,14.5,-3.89,24,50.0,1.65,1,1
ZnO,125.0,1054.0,-40.8,38.0,-4.16,72,50.0,1.54,2,1
CuO,46.3,239.0,42.8,24.1,-5.17,12,50.0,1.9,1,1
ZnO,100.0,273.4,-11.7,20.0,-3.89,48,25.0,1.65,1,1
ZnO,115.0,500.0,-9.0,14.5,-3.89,24,50.0,1.65,1,1
ZnO,52.0,640.0,29.4,15.0,-3.89,72,50.0,1.65,1,1
CuO,86.0,687.0,31.3,7.0,-3.89,24,25.0,1.65,1,1
ZnO,60.0,320.0,-7.5,7.34,-3.89,24,20.0,1.65,1,1
ZnO,7.5,795.0,27.4,90.0,-3.89,24,25.0,1.65,1,1
ZnO,45.3,310.0,32.7,21.3,-3.89,24,50.0,1.65,1,1
ZnO,115.0,360.0,-10.0,14.4,-3.89,24,80.0,1.65,1,1
ZnO,60.0,329.0,-9.3,7.34,-3.89,24,80.0,1.65,1,1
ZnO,32.0,1093.0,21.6,37.0,-3.89,12,50.0,1.65,1,1
ZnO,100.0,273.4,-11.7,20.0,-3.89,48,25.0,1.65,1,1
ZnO,60.0,329.0,-9.3,7.34,-3.89,24,40.0,1.65,1,1
ZnO,46.3,239.0,42.8,24.1,-5.17,12,100.0,1.9,1,1
ZnO,115.0,360.0,-10.0,14.4,-3.89,24,30.0,1.65,1,1
ZnO,60.0,329.0,-9.3,7.34,-3.89,24,40.0,1.65,1,1
ZnO,32.0,1093.0,21.6,37.0,-3.89,72,12.5,1.65,1,1
ZnO,115.0,500.0,-9.0,14.5,-3.89,24,50.0,1.65,1,1
ZnO,100.0,273.4,-11.7,20.0,-3.89,48,30.0,1.65,1,1
ZnO,100.0,273.4,-11.7,20.0,-3.89,24,80.0,1.65,1,1
ZnO,35.6,295.5,-41.6,27.9,-3.89,24,10.0,1.65,1,1
ZnO,46.3,239.0,42.8,24.1,-5.17,24,10.0,1.9,1,1
ZnO,115.0,360.0,-10.0,14.4,-3.89,24,80.0,1.65,1,1
ZnO,35.6,295.5,-41.6,27.9,-3.89,48,10.0,1.65,1,1
ZnO,35.6,295.5,-41.6,27.9,-3.89,48,10.0,1.65,1,1
ZnO,60.0,320.0,-7.5,7.34,-3.89,24,40.0,1.65,1,1
ZnO,35.6,295.5,-41.6,27.9,-3.89,48,100.0,1.65,1,1
ZnO,46.3,239.0,42.8,24.1,-5.17,24,20.0,1.9,1,1
ZnO,52.0,640.0,29.4,15.0,-3.89,24,25.0,1.65,1,1
ZnO,100.0,273.4,-11.7,20.0,-3.89,3,80.0,1.65,1,1
ZnO,46.3,239.0,42.8,24.1,-5.17,24,50.0,1.9,1,1
ZnO,100.0,273.4,-11.7,20.0,-3.89,48,25.0,1.65,1,1
ZnO,115.0,360.0,-10.0,14.4,-3.89,24,50.0,1.65,1,1
ZnO,35.6,295.5,-41.6,27.9,-3.89,24,100.0,1.65,1,1
ZnO,35.6,295.5,-41.6,27.9,-3.89,24,10.0,1.65,1,1
ZnO,125.0,1054.0,-40.8,38.0,-4.16,72,50.0,1.54,2,1
CuO,46.3,239.0,42.8,24.1,-5.17,12,20.0,1.9,1,1
ZnO,60.0,936.0,-2.4,7.34,-3.89,24,20.0,1.65,1,1
CuO,32.0,1093.0,21.6,37.0,-3.89,72,50.0,1.65,1,1
ZnO,46.3,239.0,42.8,24.1,-5.17,24,10.0,1.9,1,1
ZnO,7.5,795.0,27.4,90.0,-3.89,12,25.0,1.65,1,1
ZnO,35.6,295.5,-41.6,27.9,-3.89,24,10.0,1.65,1,1
ZnO,46.3,239.0,42.8,24.1,-5.17,24,10.0,1.9,1,1
ZnO,32.0,1093.0,21.6,37.0,-3.89,24,50.0,1.65,1,1
ZnO,52.0,640.0,29.4,15.0,-3.89,72,50.0,1.65,1,1
ZnO,115.0,500.0,-9.0,14.5,-3.89,24,50.0,1.65,1,1
ZnO,32.0,1093.0,21.6,37.0,-3.89,24,25.0,1.65,1,1
ZnO,100.0,273.4,-11.7,20.0,-3.89,24,40.0,1.65,1,1
ZnO,52.0,640.0,29.4,15.0,-3.89,24,12.5,1.65,1,1
ZnO,46.3,239.0,42.8,24.1,-5.17,12,100.0,1.9,1,1
ZnO,52.0,640.0,29.4,15.0,-3.89,72,50.0,1.65,1,1
ZnO,46.3,239.0,42.8,24.1,-5.17,12,50.0,1.9,1,1
CuO,60.0,320.0,-7.5,7.34,-3.89,24,40.0,1.65,1,1
ZnO,100.0,273.4,-11.7,20.0,-3.89,48,40.0,1.65,1,1
ZnO,100.0,273.4,-11.7,20.0,-3.89,48,35.0,1.65,1,1
ZnO,60.0,936.0,-2.4,7.34,-3.89,24,20.0,1.65,1,1
CuO,32.0,1093.0,21.6,37.0,-3.89,12,50.0,1.65,1,1
ZnO,60.0,320.0,-7.5,7.34,-3.89,24,80.0,1.65,1,1
ZnO,86.0,687.0,31.3,7.0,-3.89,24,12.5,1.65,1,1
ZnO,7.5,795.0,27.4,90.0,-3.89,12,25.0,1.65,1,1
ZnO,35.6,295.5,-41.6,27.9,-3.89,24,100.0,1.65,1,1
ZnO,60.0,320.0,-7.5,7.34,-3.89,24,80.0,1.65,1,1
ZnO,35.6,295.5,-41.6,27.9,-3.89,48,100.0,1.65,1,1
ZnO,115.0,500.0,-9.0,14.5,-3.89,24,30.0,1.65,1,1
ZnO,115.0,500.0,-9.0,14.5,-3.89,24,50.0,1.65,1,1
CuO,115.0,360.0,-10.0,14.4,-3.89,24,50.0,1.65,1,1
ZnO,45.3,310.0,32.7,21.3,-3.89,24,20.0,1.65,1,1
ZnO,32.0,1093.0,21.6,37.0,-3.89,24,25.0,1.65,1,1
ZnO,46.3,239.0,42.8,24.1,-5.17,12,100.0,1.9,1,1
ZnO,35.6,295.5,-41.6,27.9,-3.89,24,10.0,1.65,1,1
ZnO,46.3,239.0,42.8,24.1,-5.17,24,100.0,1.9,1,1
